[
  {
    "name": "address - 0",
    "location": {
      "longitude": 2.5052,
      "latitude": 7.5628
    }
  },
  {
    "name": "address - 1",
    "location": {
      "longitude": -29.8382,
      "latitude": -28.1091
    }
  },
  {
    "name": "address - 2",
    "location": {
      "longitude": -23.7473,
      "latitude": -13.1959
    }
  },
  {
    "name": "address - 3",
    "location": {
      "longitude": -19.5348,
      "latitude": 2.9524
    }
  },
  {
    "name": "address - 4",
    "location": {
      "longitude": -21.4885,
      "latitude": -29.1183
    }
  },
  {
    "name": "address - 5",
    "location": {
      "longitude": -14.4769,
      "latitude": -15.2589
    }
  },
  {
    "name": "address - 6",
    "location": {
      "longitude": 8.6637,
      "latitude": -0.8782
    }
  },
  {
    "name": "address - 7",
    "location": {
      "longitude": -5.6091,
      "latitude": -19.8489
    }
  },
  {
    "name": "address - 8",
    "location": {
      "longitude": -24.8559,
      "latitude": -28.7426
    }
  },
  {
    "name": "address - 9",
    "location": {
      "longitude": 6.0707,
      "latitude": -2.3046
    }
  },
  {
    "name": "address - 10",
    "location": {
      "longitude": 7.1326,
      "latitude": -28.8432
    }
  },
  {
    "name": "address - 11",
    "location": {
      "longitude": -1.4396,
      "latitude": -3.8808
    }
  },
  {
    "name": "address - 12",
    "location": {
      "longitude": -29.9044,
      "latitude": -1.1344
    }
  },
  {
    "name": "address - 13",
    "location": {
      "longitude": -3.4509,
      "latitude": -25.3731
    }
  },
  {
    "name": "address - 14",
    "location": {
      "longitude": -3.72,
      "latitude": -5.7246
    }
  },
  {
    "name": "address - 15",
    "location": {
      "longitude": -6.1545,
      "latitude": 1.9661
    }
  },
  {
    "name": "address - 16",
    "location": {
      "longitude": 7.727,
      "latitude": -25.6294
    }
  },
  {
    "name": "address - 17",
    "location": {
      "longitude": -22.6391,
      "latitude": -18.6026
    }
  },
  {
    "name": "address - 18",
    "location": {
      "longitude": -26.6325,
      "latitude": -8.6531
    }
  },
  {
    "name": "address - 19",
    "location": {
      "longitude": -16.5433,
      "latitude": -11.911
    }
  },
  {
    "name": "address - 20",
    "location": {
      "longitude": -11.7454,
      "latitude": -2.0995
    }
  },
  {
    "name": "address - 21",
    "location": {
      "longitude": -8.5049,
      "latitude": 8.287
    }
  },
  {
    "name": "address - 22",
    "location": {
      "longitude": -29.3433,
      "latitude": -8.9942
    }
  },
  {
    "name": "address - 23",
    "location": {
      "longitude": -9.6681,
      "latitude": -12.6563
    }
  },
  {
    "name": "address - 24",
    "location": {
      "longitude": -9.197,
      "latitude": -15.5517
    }
  },
  {
    "name": "address - 25",
    "location": {
      "longitude": -17.7818,
      "latitude": -20.0153
    }
  },
  {
    "name": "address - 26",
    "location": {
      "longitude": -15.0599,
      "latitude": -1.4156
    }
  },
  {
    "name": "address - 27",
    "location": {
      "longitude": 3.4964,
      "latitude": -23.551
    }
  },
  {
    "name": "address - 28",
    "location": {
      "longitude": -3.3045,
      "latitude": 7.6777
    }
  },
  {
    "name": "address - 29",
    "location": {
      "longitude": 3.6339,
      "latitude": -2.6872
    }
  },
  {
    "name": "address - 30",
    "location": {
      "longitude": 4.2972,
      "latitude": 7.0873
    }
  },
  {
    "name": "address - 31",
    "location": {
      "longitude": -9.0396,
      "latitude": -27.9142
    }
  },
  {
    "name": "address - 32",
    "location": {
      "longitude": -12.1056,
      "latitude": -11.8273
    }
  },
  {
    "name": "address - 33",
    "location": {
      "longitude": -15.558,
      "latitude": -13.5824
    }
  },
  {
    "name": "address - 34",
    "location": {
      "longitude": -18.2421,
      "latitude": -5.7135
    }
  },
  {
    "name": "address - 35",
    "location": {
      "longitude": -18.8272,
      "latitude": -18.5609
    }
  },
  {
    "name": "address - 36",
    "location": {
      "longitude": 1.6386,
      "latitude": -22.6303
    }
  },
  {
    "name": "address - 37",
    "location": {
      "longitude": -23.1849,
      "latitude": -11.6929
    }
  },
  {
    "name": "address - 38",
    "location": {
      "longitude": 5.7887,
      "latitude": 5.8909
    }
  },
  {
    "name": "address - 39",
    "location": {
      "longitude": -4.8935,
      "latitude": 3.1411
    }
  },
  {
    "name": "address - 40",
    "location": {
      "longitude": -14.4138,
      "latitude": -28.6025
    }
  },
  {
    "name": "address - 41",
    "location": {
      "longitude": -19.1044,
      "latitude": -14.9131
    }
  },
  {
    "name": "address - 42",
    "location": {
      "longitude": -13.404,
      "latitude": -9.4757
    }
  },
  {
    "name": "address - 43",
    "location": {
      "longitude": -16.603,
      "latitude": -18.0634
    }
  },
  {
    "name": "address - 44",
    "location": {
      "longitude": 5.6111,
      "latitude": -4.5486
    }
  },
  {
    "name": "address - 45",
    "location": {
      "longitude": -20.5223,
      "latitude": -7.2977
    }
  },
  {
    "name": "address - 46",
    "location": {
      "longitude": -22.4619,
      "latitude": 8.7156
    }
  },
  {
    "name": "address - 47",
    "location": {
      "longitude": -24.5086,
      "latitude": -0.9467
    }
  },
  {
    "name": "address - 48",
    "location": {
      "longitude": -21.4414,
      "latitude": -27.6619
    }
  },
  {
    "name": "address - 49",
    "location": {
      "longitude": 1.5887,
      "latitude": 4.3416
    }
  },
  {
    "name": "address - 50",
    "location": {
      "longitude": -3.3886,
      "latitude": -3.1471
    }
  },
  {
    "name": "address - 51",
    "location": {
      "longitude": 1.7365,
      "latitude": -17.3725
    }
  },
  {
    "name": "address - 52",
    "location": {
      "longitude": 3.3007,
      "latitude": -17.2921
    }
  },
  {
    "name": "address - 53",
    "location": {
      "longitude": 3.7556,
      "latitude": -12.4689
    }
  },
  {
    "name": "address - 54",
    "location": {
      "longitude": -20.4978,
      "latitude": 2.5322
    }
  },
  {
    "name": "address - 55",
    "location": {
      "longitude": 7.1796,
      "latitude": -12.0002
    }
  },
  {
    "name": "address - 56",
    "location": {
      "longitude": -1.677,
      "latitude": 7.8614
    }
  },
  {
    "name": "address - 57",
    "location": {
      "longitude": -25.9835,
      "latitude": -7.0315
    }
  },
  {
    "name": "address - 58",
    "location": {
      "longitude": 9.7641,
      "latitude": -17.2293
    }
  },
  {
    "name": "address - 59",
    "location": {
      "longitude": -28.0979,
      "latitude": 5.88
    }
  },
  {
    "name": "address - 60",
    "location": {
      "longitude": -18.5262,
      "latitude": -16.3237
    }
  },
  {
    "name": "address - 61",
    "location": {
      "longitude": -10.9935,
      "latitude": -17.2499
    }
  },
  {
    "name": "address - 62",
    "location": {
      "longitude": -20.4149,
      "latitude": -0.2007
    }
  },
  {
    "name": "address - 63",
    "location": {
      "longitude": 7.7787,
      "latitude": 3.409
    }
  },
  {
    "name": "address - 64",
    "location": {
      "longitude": 7.4606,
      "latitude": -3.3028
    }
  },
  {
    "name": "address - 65",
    "location": {
      "longitude": -5.9074,
      "latitude": -22.2825
    }
  },
  {
    "name": "address - 66",
    "location": {
      "longitude": -3.9816,
      "latitude": -7.5005
    }
  },
  {
    "name": "address - 67",
    "location": {
      "longitude": 9.8904,
      "latitude": -18.1325
    }
  },
  {
    "name": "address - 68",
    "location": {
      "longitude": 1.1774,
      "latitude": -14.6333
    }
  },
  {
    "name": "address - 69",
    "location": {
      "longitude": -26.7985,
      "latitude": -0.7841
    }
  },
  {
    "name": "address - 70",
    "location": {
      "longitude": -20.0527,
      "latitude": 8.0772
    }
  },
  {
    "name": "address - 71",
    "location": {
      "longitude": -1.2964,
      "latitude": 6.1378
    }
  },
  {
    "name": "address - 72",
    "location": {
      "longitude": 4.966,
      "latitude": -17.0223
    }
  },
  {
    "name": "address - 73",
    "location": {
      "longitude": -7.9674,
      "latitude": 8.5138
    }
  },
  {
    "name": "address - 74",
    "location": {
      "longitude": -17.3329,
      "latitude": -4.5584
    }
  },
  {
    "name": "address - 75",
    "location": {
      "longitude": 5.8544,
      "latitude": -8.3774
    }
  },
  {
    "name": "address - 76",
    "location": {
      "longitude": 4.1714,
      "latitude": -7.5037
    }
  },
  {
    "name": "address - 77",
    "location": {
      "longitude": -22.1902,
      "latitude": 5.4899
    }
  },
  {
    "name": "address - 78",
    "location": {
      "longitude": -22.9578,
      "latitude": -16.8488
    }
  },
  {
    "name": "address - 79",
    "location": {
      "longitude": 7.5955,
      "latitude": 5.8157
    }
  },
  {
    "name": "address - 80",
    "location": {
      "longitude": -24.2198,
      "latitude": -25.9613
    }
  },
  {
    "name": "address - 81",
    "location": {
      "longitude": -24.8944,
      "latitude": -19.0697
    }
  },
  {
    "name": "address - 82",
    "location": {
      "longitude": 6.5047,
      "latitude": -11.4403
    }
  },
  {
    "name": "address - 83",
    "location": {
      "longitude": 1.5985,
      "latitude": -10.4351
    }
  },
  {
    "name": "address - 84",
    "location": {
      "longitude": -9.7849,
      "latitude": 9.5792
    }
  },
  {
    "name": "address - 85",
    "location": {
      "longitude": -0.7344,
      "latitude": -0.7857
    }
  },
  {
    "name": "address - 86",
    "location": {
      "longitude": -24.6942,
      "latitude": -8.5966
    }
  },
  {
    "name": "address - 87",
    "location": {
      "longitude": 3.5434,
      "latitude": -4.3528
    }
  },
  {
    "name": "address - 88",
    "location": {
      "longitude": -10.3306,
      "latitude": -16.0007
    }
  },
  {
    "name": "address - 89",
    "location": {
      "longitude": -0.759,
      "latitude": 6.1476
    }
  },
  {
    "name": "address - 90",
    "location": {
      "longitude": -17.273,
      "latitude": 5.1822
    }
  },
  {
    "name": "address - 91",
    "location": {
      "longitude": -1.5405,
      "latitude": -12.4496
    }
  },
  {
    "name": "address - 92",
    "location": {
      "longitude": 0.3888,
      "latitude": -22.1928
    }
  },
  {
    "name": "address - 93",
    "location": {
      "longitude": -19.6338,
      "latitude": -17.9606
    }
  },
  {
    "name": "address - 94",
    "location": {
      "longitude": 9.3063,
      "latitude": -15.6143
    }
  },
  {
    "name": "address - 95",
    "location": {
      "longitude": -28.8365,
      "latitude": 2.1425
    }
  },
  {
    "name": "address - 96",
    "location": {
      "longitude": -10.9674,
      "latitude": -15.3431
    }
  },
  {
    "name": "address - 97",
    "location": {
      "longitude": -8.5328,
      "latitude": -1.3608
    }
  },
  {
    "name": "address - 98",
    "location": {
      "longitude": -21.5691,
      "latitude": -15.5938
    }
  },
  {
    "name": "address - 99",
    "location": {
      "longitude": -2.954,
      "latitude": 3.0809
    }
  }
]